﻿{
  "configurations": [
    {
      "name": "x64-Debug",
      "generator": "Ninja",
      "configurationType": "Debug",
      "inheritEnvironments": [ "msvc_x64_x64" ],
      "buildRoot": "${projectDir}\\out\\build\\${name}",
      "installRoot": "${projectDir}\\out\\install\\${name}",
      "cmakeCommandArgs": "",
      "buildCommandArgs": "-v",
      "ctestCommandArgs": "",
      "variables": []
    },
    {
      "name": "x64-Release",
      "generator": "Ninja",
      "configurationType": "RelWithDebInfo",
      "buildRoot": "${projectDir}\\out\\build\\${name}",
      "installRoot": "${projectDir}\\out\\install\\${name}",
      "cmakeCommandArgs": "",
      "buildCommandArgs": "-v",
      "ctestCommandArgs": "",
      "inheritEnvironments": [ "msvc_x64_x64" ],
      "variables": [
        {
          "name": "CELERO_ENABLE_TESTS",
          "value": "True",
          "type": "BOOL"
        },
        {
          "name": "CELERO_ENABLE_EXPERIMENTS",
          "value": "True",
          "type": "BOOL"
        }
      ]
    },
    {
      "name": "x64-Clang-Debug",
      "generator": "Ninja",
      "configurationType": "Debug",
      "buildRoot": "${projectDir}\\out\\build\\${name}",
      "installRoot": "${projectDir}\\out\\install\\${name}",
      "cmakeCommandArgs": "",
      "buildCommandArgs": "-v",
      "ctestCommandArgs": "",
      "inheritEnvironments": [ "clang_cl_x64" ],
      "variables": []
    },
    {
      "name": "x64-Clang-Release",
      "generator": "Ninja",
      "configurationType": "RelWithDebInfo",
      "buildRoot": "${projectDir}\\out\\build\\${name}",
      "installRoot": "${projectDir}\\out\\install\\${name}",
      "cmakeCommandArgs": "",
      "buildCommandArgs": "-v",
      "ctestCommandArgs": "",
      "inheritEnvironments": [ "clang_cl_x64" ],
      "variables": [
        {
          "name": "CELERO_ENABLE_EXPERIMENTS",
          "value": "True",
          "type": "BOOL"
        },
        {
          "name": "CELERO_ENABLE_TESTS",
          "value": "True",
          "type": "BOOL"
        }
      ]
    }
  ]
}